Machine_ID,Temperature,Run_Time,Torque,Tool_Wear,Downtime_Flag
1,85.0,233.0,50.7,62.0,0
2,79.0,80.0,46.0,17.0,0
3,86.0,207.0,63.0,18.0,1
4,95.0,100.0,25.2,185.0,0
5,78.0,414.0,52.6,138.0,0
6,78.0,476.0,51.5,25.0,0
7,96.0,83.0,30.3,71.0,0
8,88.0,480.0,50.1,118.0,0
9,75.0,285.0,43.4,167.0,0
10,85.0,185.0,37.7,9.0,0
11,75.0,85.0,31.8,47.0,0
12,75.0,275.0,32.8,178.0,0
13,82.0,408.0,60.5,2.0,1
14,61.0,368.0,40.0,40.0,0
15,63.0,73.0,47.8,192.0,0
16,74.0,83.0,32.1,123.0,0
17,70.0,231.0,32.2,52.0,0
18,83.0,183.0,50.8,13.0,0
19,71.0,155.0,26.5,6.0,0
20,66.0,176.0,35.8,49.0,0
21,95.0,412.0,40.3,176.0,1
22,78.0,468.0,41.1,83.0,0
23,81.0,232.0,38.2,144.0,0
24,66.0,458.0,44.0,184.0,0
25,75.0,195.0,46.9,82.0,0
26,81.0,264.0,47.3,38.0,0
27,68.0,152.0,30.1,103.0,0
28,84.0,338.0,37.2,182.0,0
29,74.0,491.0,51.9,161.0,0
30,77.0,322.0,48.9,13.0,0
31,74.0,211.0,26.3,139.0,0
32,99.0,342.0,43.5,114.0,0
33,80.0,105.0,20.2,181.0,0
34,69.0,450.0,40.5,24.0,0
35,88.0,276.0,59.0,107.0,0
36,68.0,252.0,30.5,176.0,0
37,82.0,314.0,31.7,82.0,0
38,60.0,331.0,47.6,96.0,0
39,67.0,82.0,24.6,14.0,0
40,82.0,357.0,33.7,56.0,0
41,87.0,159.0,46.0,65.0,0
42,82.0,371.0,33.7,189.0,0
43,79.0,420.0,37.6,57.0,0
44,77.0,412.0,47.4,92.0,0
45,65.0,299.0,44.2,134.0,0
46,73.0,284.0,42.7,32.0,0
47,75.0,114.0,36.6,97.0,0
48,91.0,399.0,43.7,148.0,0
49,83.0,172.0,38.8,173.0,0
50,62.0,274.0,44.6,125.0,0
51,83.0,178.0,35.0,134.0,0
52,76.0,110.0,38.2,25.0,0
53,73.0,333.0,30.1,189.0,0
54,86.0,74.0,39.6,27.0,0
55,90.0,387.0,31.9,155.0,0
56,89.0,193.0,28.9,53.0,0
57,72.0,50.0,42.6,187.0,0
58,77.0,280.0,42.1,144.0,0
59,83.0,71.0,47.8,151.0,0
60,90.0,174.0,35.7,44.0,0
61,75.0,368.0,44.1,89.0,0
62,78.0,78.0,45.5,124.0,0
63,69.0,428.0,44.4,154.0,0
64,68.0,52.0,31.7,21.0,0
65,88.0,161.0,41.5,192.0,0
66,94.0,383.0,43.6,178.0,0
67,79.0,192.0,40.1,54.0,0
68,90.0,96.0,19.1,165.0,0
69,84.0,212.0,41.6,104.0,0
70,74.0,172.0,62.1,92.0,1
71,84.0,429.0,36.4,63.0,0
72,95.0,191.0,32.7,116.0,0
73,80.0,405.0,43.7,146.0,0
74,96.0,451.0,43.1,82.0,1
75,60.0,245.0,51.9,126.0,0
76,88.0,459.0,27.4,140.0,0
77,81.0,220.0,47.3,142.0,0
78,77.0,484.0,45.9,10.0,0
79,81.0,90.0,38.6,172.0,0
80,60.0,359.0,43.4,92.0,0
81,78.0,272.0,50.3,52.0,0
82,84.0,224.0,48.7,48.0,0
83,95.0,335.0,28.6,97.0,0
84,75.0,367.0,48.2,177.0,0
85,72.0,52.0,39.4,76.0,0
86,75.0,125.0,40.7,150.0,0
87,89.0,371.0,40.7,19.0,0
88,83.0,350.0,38.5,95.0,0
89,75.0,485.0,51.9,198.0,0
90,85.0,392.0,39.2,154.0,0
91,81.0,478.0,28.8,42.0,0
92,90.0,366.0,36.1,100.0,0
93,73.0,184.0,41.8,47.0,0
94,77.0,97.0,52.3,82.0,0
95,76.0,402.0,46.0,156.0,0
96,65.0,340.0,31.5,154.0,0
97,83.0,72.0,64.9,46.0,1
98,83.0,212.0,42.6,184.0,0
99,80.0,481.0,52.8,119.0,0
100,78.0,275.0,38.5,76.0,0
101,66.0,245.0,45.3,100.0,0
102,76.0,256.0,48.4,121.0,0
103,77.0,144.0,52.2,112.0,0
104,72.0,216.0,50.6,97.0,0
105,78.0,216.0,48.7,101.0,0
106,84.0,74.0,36.8,35.0,0
107,99.0,395.0,34.3,163.0,0
108,82.0,237.0,43.3,108.0,0
109,83.0,420.0,49.3,26.0,0
110,79.0,433.0,37.8,153.0,0
111,61.0,145.0,50.7,186.0,0
112,80.0,346.0,54.5,189.0,0
113,81.0,263.0,30.8,74.0,0
114,100.0,446.0,31.6,27.0,1
115,78.0,147.0,38.6,104.0,0
116,83.0,355.0,43.1,23.0,0
117,80.0,323.0,34.8,187.0,0
118,68.0,183.0,53.5,37.0,0
119,91.0,111.0,44.2,51.0,0
120,88.0,343.0,40.4,81.0,0
121,88.0,382.0,25.6,77.0,0
122,71.0,192.0,26.8,159.0,0
123,94.0,340.0,42.8,91.0,0
124,66.0,228.0,18.7,34.0,0
125,86.0,371.0,50.1,53.0,0
126,100.0,140.0,38.4,102.0,0
127,70.0,451.0,70.0,29.0,1
128,74.0,179.0,63.1,122.0,1
129,81.0,216.0,38.2,113.0,0
130,75.0,76.0,38.9,143.0,0
131,64.0,100.0,50.0,188.0,0
132,81.0,282.0,57.0,182.0,0
133,69.0,170.0,23.6,189.0,0
134,85.0,426.0,22.1,49.0,0
135,71.0,57.0,33.8,26.0,0
136,95.0,221.0,45.8,60.0,0
137,72.0,202.0,45.0,179.0,0
138,77.0,59.0,50.7,194.0,0
139,88.0,106.0,28.0,172.0,0
140,68.0,236.0,16.8,22.0,0
141,82.0,272.0,48.6,189.0,0
142,93.0,232.0,31.7,85.0,0
143,64.0,289.0,19.8,2.0,0
144,82.0,318.0,41.5,88.0,0
145,83.0,54.0,47.9,9.0,0
146,88.0,259.0,38.8,109.0,0
147,68.0,484.0,35.4,68.0,0
148,67.0,284.0,38.4,95.0,0
149,85.0,355.0,36.3,123.0,0
150,83.0,190.0,26.5,174.0,0
151,83.0,398.0,32.9,132.0,0
152,83.0,398.0,45.2,87.0,0
153,73.0,285.0,43.2,164.0,0
154,82.0,489.0,41.7,181.0,0
155,83.0,106.0,30.0,24.0,0
156,73.0,58.0,38.2,106.0,0
157,99.0,397.0,18.2,57.0,0
158,85.0,413.0,41.8,9.0,0
159,68.0,104.0,54.3,134.0,0
160,87.0,170.0,25.3,173.0,0
161,70.0,58.0,34.1,33.0,0
162,88.0,182.0,43.3,162.0,0
163,92.0,398.0,52.5,171.0,0
164,72.0,283.0,35.5,183.0,0
165,90.0,207.0,33.1,53.0,0
166,84.0,217.0,20.3,181.0,0
167,88.0,51.0,41.0,64.0,0
168,99.0,185.0,60.4,110.0,1
169,78.0,341.0,42.8,10.0,0
170,72.0,488.0,39.8,9.0,0
171,71.0,431.0,43.2,144.0,0
172,72.0,61.0,39.9,89.0,0
173,79.0,454.0,31.9,51.0,0
174,83.0,402.0,48.2,38.0,0
175,83.0,401.0,42.3,134.0,0
176,88.0,256.0,40.2,0.0,0
177,80.0,229.0,30.2,161.0,0
178,95.0,186.0,53.0,16.0,0
179,77.0,80.0,46.6,38.0,0
180,100.0,153.0,34.5,77.0,0
181,86.0,161.0,50.0,97.0,0
182,71.0,268.0,35.0,71.0,0
183,69.0,386.0,32.2,64.0,0
184,85.0,263.0,32.4,193.0,0
185,78.0,76.0,22.3,128.0,0
186,87.0,481.0,44.7,5.0,0
187,85.0,474.0,21.7,86.0,0
188,79.0,403.0,27.7,175.0,0
189,72.0,496.0,19.2,60.0,0
190,65.0,295.0,39.1,19.0,0
191,76.0,483.0,38.5,152.0,0
192,89.0,84.0,36.7,121.0,0
193,82.0,215.0,29.6,114.0,0
194,68.0,151.0,28.3,11.0,0
195,82.0,138.0,44.6,28.0,0
196,84.0,113.0,34.5,125.0,0
197,71.0,330.0,43.2,42.0,0
198,82.0,402.0,31.1,101.0,0
199,81.0,310.0,41.8,109.0,0
200,69.0,116.0,53.0,57.0,0
201,84.0,415.0,45.9,190.0,0
202,86.0,336.0,35.9,168.0,0
203,91.0,225.0,42.6,144.0,0
204,91.0,353.0,37.6,16.0,0
205,66.0,167.0,40.1,21.0,0
206,71.0,205.0,36.7,99.0,0
207,85.0,463.0,38.4,32.0,0
208,85.0,181.0,42.1,196.0,0
209,85.0,261.0,30.1,32.0,0
210,100.0,451.0,29.8,97.0,1
211,86.0,368.0,26.1,73.0,0
212,91.0,78.0,24.0,128.0,0
213,90.0,116.0,27.8,26.0,0
214,87.0,54.0,41.6,86.0,0
215,77.0,334.0,31.1,55.0,0
216,88.0,251.0,45.1,178.0,0
217,72.0,110.0,40.3,8.0,0
218,78.0,481.0,20.3,183.0,0
219,75.0,288.0,46.5,167.0,0
220,81.0,159.0,48.1,60.0,0
221,100.0,275.0,30.1,158.0,0
222,61.0,356.0,44.2,6.0,0
223,87.0,84.0,31.4,193.0,0
224,64.0,174.0,41.0,105.0,0
225,75.0,413.0,27.4,61.0,0
226,91.0,257.0,22.1,73.0,0
227,81.0,296.0,36.2,13.0,0
228,69.0,245.0,38.8,198.0,0
229,73.0,70.0,36.0,8.0,0
230,87.0,125.0,28.2,131.0,0
231,73.0,250.0,36.0,89.0,0
232,82.0,144.0,42.7,190.0,0
233,80.0,72.0,39.6,49.0,0
234,73.0,430.0,41.8,106.0,0
235,100.0,492.0,33.3,96.0,1
236,86.0,407.0,51.7,141.0,0
237,60.0,434.0,28.2,14.0,0
238,82.0,159.0,44.9,39.0,0
239,73.0,482.0,51.8,43.0,0
240,89.0,139.0,44.8,148.0,0
241,72.0,478.0,38.0,38.0,0
242,79.0,498.0,34.7,115.0,0
243,85.0,370.0,50.4,43.0,0
244,89.0,492.0,25.8,172.0,0
245,68.0,306.0,30.3,188.0,0
246,77.0,167.0,36.0,104.0,0
247,75.0,247.0,52.4,70.0,0
248,73.0,317.0,43.8,47.0,0
249,98.0,83.0,30.3,10.0,0
250,84.0,330.0,36.9,54.0,0
251,67.0,492.0,33.9,131.0,0
252,89.0,136.0,32.9,107.0,0
253,100.0,407.0,49.8,189.0,1
254,90.0,459.0,26.3,79.0,0
255,65.0,475.0,56.1,139.0,0
256,75.0,482.0,48.3,98.0,0
257,93.0,285.0,50.9,103.0,0
258,73.0,490.0,35.4,54.0,0
259,84.0,391.0,38.5,91.0,0
260,88.0,123.0,25.7,94.0,0
261,71.0,265.0,34.8,141.0,0
262,79.0,373.0,44.9,188.0,0
263,60.0,161.0,53.0,66.0,0
264,70.0,338.0,28.9,8.0,0
265,77.0,350.0,36.3,99.0,0
266,68.0,123.0,38.5,109.0,0
267,96.0,304.0,26.0,34.0,0
268,66.0,397.0,45.9,152.0,0
269,76.0,275.0,32.8,197.0,0
270,81.0,55.0,38.0,189.0,0
271,94.0,54.0,35.5,39.0,0
272,66.0,211.0,32.1,175.0,0
273,92.0,467.0,39.9,141.0,1
274,80.0,153.0,37.8,91.0,0
275,70.0,335.0,36.3,108.0,0
276,85.0,150.0,32.7,170.0,0
277,82.0,195.0,43.2,96.0,0
278,74.0,432.0,56.5,75.0,0
279,81.0,378.0,41.4,99.0,0
280,76.0,93.0,50.0,116.0,0
281,81.0,243.0,26.1,38.0,0
282,87.0,63.0,41.6,180.0,0
283,96.0,266.0,29.0,135.0,0
284,68.0,348.0,25.2,127.0,0
285,100.0,103.0,32.6,20.0,0
286,60.0,180.0,51.9,121.0,0
287,78.0,229.0,49.5,24.0,0
288,86.0,464.0,42.4,16.0,0
289,83.0,497.0,24.7,105.0,0
290,74.0,70.0,38.0,81.0,0
291,78.0,392.0,43.0,118.0,0
292,75.0,217.0,41.8,18.0,0
293,74.0,227.0,21.6,86.0,0
294,88.0,389.0,31.1,35.0,0
295,84.0,463.0,39.4,197.0,0
296,73.0,478.0,45.4,112.0,0
297,89.0,310.0,18.0,137.0,0
298,83.0,211.0,38.4,65.0,0
299,88.0,404.0,41.4,19.0,0
300,86.0,163.0,48.5,195.0,0
301,72.0,304.0,46.9,57.0,0
302,74.0,211.0,45.8,85.0,0
303,87.0,345.0,32.0,130.0,0
304,86.0,158.0,20.9,5.0,0
305,80.0,136.0,36.1,162.0,0
306,81.0,463.0,50.0,107.0,0
307,93.0,96.0,53.9,56.0,0
308,74.0,278.0,47.1,12.0,0
309,85.0,149.0,44.3,32.0,0
310,78.0,68.0,43.8,179.0,0
311,78.0,66.0,34.4,137.0,0
312,91.0,129.0,38.7,50.0,0
313,88.0,440.0,56.7,13.0,0
314,88.0,177.0,30.6,138.0,0
315,93.0,478.0,56.1,114.0,1
316,80.0,312.0,36.8,81.0,0
317,87.0,246.0,53.3,73.0,0
318,77.0,311.0,25.9,43.0,0
319,83.0,283.0,45.9,134.0,0
320,79.0,391.0,32.6,194.0,0
321,81.0,177.0,25.8,35.0,0
322,86.0,209.0,42.2,119.0,0
323,72.0,452.0,50.1,85.0,0
324,100.0,476.0,31.6,89.0,1
325,70.0,452.0,25.0,51.0,0
326,68.0,239.0,39.1,165.0,0
327,92.0,401.0,39.1,97.0,1
328,88.0,264.0,45.5,109.0,0
329,86.0,274.0,49.5,61.0,0
330,86.0,142.0,39.4,36.0,0
331,80.0,316.0,58.6,17.0,0
332,71.0,134.0,42.2,143.0,0
333,81.0,199.0,36.5,39.0,0
334,73.0,435.0,23.9,138.0,0
335,90.0,143.0,37.4,78.0,0
336,79.0,82.0,36.6,83.0,0
337,72.0,81.0,49.6,94.0,0
338,77.0,473.0,44.6,74.0,0
339,84.0,278.0,28.2,20.0,0
340,74.0,234.0,41.7,62.0,0
341,72.0,415.0,46.7,133.0,0
342,82.0,426.0,55.3,133.0,0
343,82.0,199.0,48.9,57.0,0
344,75.0,362.0,47.6,92.0,0
345,75.0,397.0,40.6,39.0,0
346,82.0,345.0,43.9,42.0,0
347,66.0,118.0,52.5,5.0,0
348,66.0,444.0,26.7,179.0,0
349,73.0,293.0,36.5,42.0,0
350,78.0,177.0,32.3,46.0,0
351,83.0,241.0,43.8,56.0,0
352,95.0,67.0,52.3,25.0,0
353,89.0,108.0,34.0,128.0,0
354,78.0,394.0,16.1,15.0,0
355,80.0,50.0,35.9,27.0,0
356,70.0,237.0,49.1,129.0,0
357,80.0,285.0,45.4,68.0,0
358,77.0,75.0,44.3,142.0,0
359,83.0,488.0,37.2,111.0,0
360,72.0,152.0,27.2,51.0,0
361,85.0,187.0,45.2,130.0,0
362,95.0,187.0,31.7,23.0,0
363,79.0,154.0,61.8,107.0,1
364,84.0,51.0,45.7,87.0,0
365,87.0,378.0,34.2,54.0,0
366,76.0,485.0,33.9,121.0,0
367,82.0,151.0,39.1,174.0,0
368,80.0,348.0,37.6,200.0,0
369,81.0,384.0,51.2,122.0,0
370,72.0,432.0,41.9,81.0,0
371,80.0,240.0,32.7,45.0,0
372,85.0,186.0,58.9,51.0,0
373,95.0,196.0,40.5,96.0,0
374,90.0,371.0,47.7,73.0,0
375,100.0,418.0,33.9,183.0,1
376,72.0,132.0,43.6,74.0,0
377,89.0,217.0,43.1,75.0,0
378,82.0,456.0,21.1,77.0,0
379,100.0,413.0,60.2,167.0,1
380,72.0,493.0,52.9,130.0,0
381,72.0,389.0,36.0,123.0,0
382,74.0,227.0,29.0,67.0,0
383,60.0,316.0,43.5,164.0,0
384,75.0,347.0,40.9,8.0,0
385,72.0,85.0,43.6,174.0,0
386,82.0,295.0,41.9,103.0,0
387,83.0,369.0,45.1,80.0,0
388,99.0,125.0,54.5,99.0,0
389,90.0,401.0,45.7,133.0,0
390,74.0,313.0,29.5,3.0,0
391,71.0,478.0,53.6,174.0,0
392,85.0,69.0,56.4,89.0,0
393,67.0,169.0,70.0,69.0,1
394,98.0,321.0,28.8,28.0,0
395,92.0,183.0,42.4,88.0,0
396,75.0,371.0,19.2,99.0,0
397,63.0,392.0,45.5,81.0,0
398,94.0,96.0,34.5,136.0,0
399,79.0,281.0,59.2,84.0,0
400,92.0,279.0,32.3,192.0,0
401,64.0,216.0,23.1,120.0,0
402,74.0,470.0,35.3,161.0,0
403,80.0,422.0,20.2,22.0,0
404,80.0,364.0,47.5,79.0,0
405,75.0,371.0,19.3,67.0,0
406,86.0,258.0,40.3,114.0,0
407,69.0,464.0,19.2,172.0,0
408,79.0,363.0,36.8,16.0,0
409,81.0,378.0,56.4,15.0,0
410,85.0,438.0,43.6,170.0,0
411,87.0,173.0,31.4,43.0,0
412,69.0,413.0,39.7,134.0,0
413,65.0,138.0,40.2,109.0,0
414,93.0,205.0,44.7,167.0,0
415,83.0,201.0,26.3,25.0,0
416,73.0,490.0,45.9,26.0,0
417,96.0,435.0,13.0,111.0,1
418,81.0,366.0,33.7,189.0,0
419,92.0,377.0,35.1,83.0,0
420,81.0,303.0,46.3,65.0,0
421,100.0,476.0,40.2,121.0,1
422,98.0,273.0,25.9,186.0,0
423,78.0,221.0,30.2,167.0,0
424,90.0,123.0,42.0,199.0,0
425,86.0,404.0,39.2,5.0,0
426,94.0,380.0,34.2,23.0,0
427,70.0,223.0,35.2,122.0,0
428,87.0,61.0,47.0,164.0,0
429,91.0,428.0,34.8,57.0,1
430,62.0,55.0,39.1,48.0,0
431,68.0,367.0,61.7,157.0,1
432,60.0,487.0,25.8,11.0,0
433,77.0,247.0,21.5,74.0,0
434,87.0,156.0,47.8,101.0,0
435,95.0,367.0,33.2,112.0,0
436,81.0,418.0,36.8,146.0,0
437,96.0,296.0,32.2,71.0,0
438,66.0,485.0,37.4,123.0,0
439,63.0,73.0,56.0,117.0,0
440,79.0,277.0,48.0,110.0,0
441,84.0,373.0,48.6,128.0,0
442,80.0,438.0,25.8,52.0,0
443,60.0,131.0,28.5,17.0,0
444,79.0,410.0,11.6,24.0,0
445,67.0,299.0,31.9,45.0,0
446,87.0,228.0,49.6,100.0,0
447,84.0,109.0,45.2,168.0,0
448,71.0,439.0,37.8,140.0,0
449,75.0,121.0,39.8,158.0,0
450,69.0,189.0,33.1,70.0,0
451,79.0,181.0,42.0,81.0,0
452,90.0,442.0,47.7,79.0,0
453,70.0,353.0,23.8,38.0,0
454,85.0,409.0,43.0,12.0,0
455,75.0,163.0,49.3,118.0,0
456,72.0,331.0,35.8,198.0,0
457,79.0,307.0,47.0,33.0,0
458,70.0,425.0,68.1,9.0,1
459,74.0,458.0,39.0,156.0,0
460,68.0,55.0,43.9,51.0,0
461,100.0,353.0,32.6,166.0,0
462,80.0,73.0,41.8,141.0,0
463,73.0,297.0,44.6,189.0,0
464,82.0,179.0,41.9,82.0,0
465,79.0,188.0,29.8,132.0,0
466,78.0,209.0,42.1,93.0,0
467,86.0,330.0,54.6,126.0,0
468,88.0,200.0,44.5,90.0,0
469,75.0,380.0,49.6,38.0,0
470,74.0,232.0,37.6,102.0,0
471,77.0,81.0,47.5,106.0,0
472,60.0,403.0,42.8,162.0,0
473,65.0,179.0,30.5,147.0,0
474,94.0,245.0,43.2,133.0,0
475,96.0,358.0,30.1,23.0,0
476,78.0,200.0,33.7,144.0,0
477,86.0,75.0,41.9,100.0,0
478,83.0,218.0,43.0,179.0,0
479,100.0,475.0,28.1,184.0,1
480,91.0,339.0,50.5,11.0,0
481,79.0,352.0,45.7,164.0,0
482,70.0,335.0,33.0,8.0,0
483,64.0,140.0,24.6,73.0,0
484,82.0,238.0,38.6,108.0,0
485,72.0,388.0,35.5,30.0,0
486,66.0,96.0,41.1,149.0,0
487,74.0,175.0,36.4,2.0,0
488,69.0,174.0,19.9,34.0,0
489,97.0,244.0,36.1,116.0,0
490,89.0,491.0,36.9,143.0,0
491,80.0,80.0,46.3,183.0,0
492,95.0,283.0,33.0,141.0,0
493,81.0,131.0,56.8,134.0,0
494,71.0,487.0,20.9,79.0,0
495,95.0,101.0,53.1,0.0,0
496,85.0,232.0,37.8,24.0,0
497,70.0,382.0,48.6,107.0,0
498,78.0,367.0,40.8,135.0,0
499,71.0,240.0,51.4,83.0,0
500,66.0,206.0,36.1,146.0,0
501,89.0,229.0,29.0,104.0,0
502,99.0,169.0,54.2,15.0,0
503,66.0,142.0,38.9,38.0,0
504,86.0,267.0,42.2,168.0,0
505,73.0,171.0,52.3,145.0,0
506,75.0,179.0,29.7,179.0,0
507,74.0,346.0,46.0,24.0,0
508,71.0,486.0,34.1,198.0,0
509,80.0,322.0,38.7,42.0,0
510,72.0,85.0,40.7,2.0,0
511,83.0,84.0,25.0,199.0,0
512,79.0,478.0,32.2,56.0,0
513,78.0,184.0,53.5,134.0,0
514,71.0,91.0,48.9,35.0,0
515,74.0,320.0,39.4,116.0,0
516,88.0,331.0,42.4,181.0,0
517,85.0,342.0,37.1,64.0,0
518,70.0,170.0,53.6,134.0,0
519,81.0,57.0,38.0,38.0,0
520,88.0,484.0,42.3,125.0,0
521,63.0,163.0,51.5,67.0,0
522,85.0,354.0,32.2,42.0,0
523,73.0,368.0,55.6,63.0,0
524,86.0,325.0,24.7,36.0,0
525,72.0,191.0,56.3,180.0,0
526,62.0,172.0,36.3,79.0,0
527,64.0,319.0,37.6,49.0,0
528,80.0,440.0,21.1,90.0,0
529,83.0,476.0,35.5,64.0,0
530,71.0,98.0,29.6,149.0,0
531,86.0,120.0,33.9,194.0,0
532,63.0,475.0,38.6,88.0,0
533,79.0,381.0,49.6,172.0,0
534,68.0,447.0,42.1,113.0,0
535,73.0,141.0,43.1,31.0,0
536,80.0,314.0,29.0,138.0,0
537,71.0,366.0,31.2,103.0,0
538,76.0,356.0,58.0,130.0,0
539,90.0,234.0,32.6,178.0,0
540,74.0,57.0,56.6,88.0,0
541,88.0,312.0,37.6,180.0,0
542,69.0,164.0,40.0,150.0,0
543,85.0,253.0,50.7,98.0,0
544,94.0,481.0,52.7,121.0,1
545,60.0,230.0,38.9,65.0,0
546,72.0,428.0,36.1,197.0,0
547,86.0,135.0,39.4,133.0,0
548,78.0,353.0,43.4,9.0,0
549,84.0,490.0,48.9,65.0,0
550,74.0,96.0,40.0,125.0,0
551,81.0,54.0,46.2,11.0,0
552,78.0,245.0,56.4,5.0,0
553,92.0,92.0,43.8,90.0,0
554,83.0,387.0,43.1,67.0,0
555,83.0,462.0,24.8,88.0,0
556,76.0,245.0,13.7,53.0,0
557,75.0,166.0,43.9,33.0,0
558,76.0,245.0,39.1,138.0,0
559,84.0,376.0,34.9,103.0,0
560,76.0,54.0,42.4,40.0,0
561,83.0,315.0,39.4,64.0,0
562,100.0,326.0,51.3,118.0,0
563,89.0,337.0,40.9,14.0,0
564,77.0,159.0,32.5,29.0,0
565,92.0,371.0,49.9,15.0,0
566,76.0,91.0,37.8,162.0,0
567,60.0,140.0,45.3,150.0,0
568,70.0,445.0,35.2,151.0,0
569,61.0,382.0,33.5,143.0,0
570,76.0,56.0,40.8,134.0,0
571,80.0,162.0,40.1,95.0,0
572,97.0,146.0,44.8,128.0,0
573,83.0,172.0,37.3,8.0,0
574,78.0,161.0,21.6,124.0,0
575,88.0,78.0,35.7,156.0,0
576,60.0,257.0,47.9,100.0,0
577,82.0,380.0,37.0,72.0,0
578,88.0,323.0,37.5,55.0,0
579,65.0,353.0,49.9,129.0,0
580,91.0,87.0,32.9,139.0,0
581,83.0,478.0,24.6,174.0,0
582,76.0,427.0,38.4,68.0,0
583,86.0,412.0,35.2,154.0,0
584,100.0,420.0,30.3,112.0,1
585,82.0,470.0,38.2,177.0,0
586,82.0,295.0,44.9,106.0,0
587,75.0,140.0,39.9,104.0,0
588,72.0,328.0,43.1,116.0,0
589,88.0,384.0,58.1,150.0,0
590,71.0,382.0,36.6,193.0,0
591,81.0,285.0,42.8,15.0,0
592,75.0,81.0,34.9,11.0,0
593,85.0,217.0,31.5,188.0,0
594,83.0,464.0,34.2,106.0,0
595,90.0,313.0,35.2,123.0,0
596,75.0,292.0,43.6,96.0,0
597,77.0,171.0,63.5,19.0,1
598,70.0,216.0,32.8,154.0,0
599,76.0,453.0,35.8,149.0,0
600,84.0,350.0,39.4,62.0,0
601,88.0,404.0,44.0,61.0,0
602,71.0,254.0,42.6,168.0,0
603,89.0,334.0,52.8,14.0,0
604,94.0,162.0,15.7,176.0,0
605,84.0,367.0,16.1,51.0,0
606,99.0,242.0,35.0,119.0,0
607,72.0,249.0,51.0,187.0,0
608,68.0,342.0,24.3,136.0,0
609,62.0,471.0,10.0,83.0,0
610,95.0,79.0,45.7,138.0,0
611,87.0,421.0,42.4,69.0,0
612,79.0,182.0,29.1,55.0,0
613,83.0,250.0,30.1,199.0,0
614,69.0,60.0,30.3,150.0,0
615,100.0,185.0,41.1,129.0,0
616,81.0,276.0,33.7,71.0,0
617,81.0,75.0,44.9,10.0,0
618,87.0,271.0,11.5,6.0,0
619,85.0,467.0,31.4,111.0,0
620,82.0,97.0,28.7,152.0,0
621,72.0,394.0,37.4,107.0,0
622,85.0,234.0,34.6,168.0,0
623,99.0,345.0,48.0,7.0,0
624,93.0,167.0,21.4,73.0,0
625,96.0,122.0,40.5,47.0,0
626,75.0,122.0,45.6,89.0,0
627,70.0,82.0,58.6,14.0,0
628,79.0,134.0,35.2,191.0,0
629,81.0,349.0,43.2,45.0,0
630,91.0,447.0,22.0,184.0,1
631,63.0,416.0,16.1,85.0,0
632,95.0,358.0,48.4,197.0,0
633,78.0,100.0,39.9,111.0,0
634,76.0,180.0,51.8,186.0,0
635,70.0,189.0,26.3,1.0,0
636,63.0,162.0,45.2,150.0,0
637,88.0,282.0,58.7,181.0,0
638,81.0,291.0,44.2,28.0,0
639,67.0,211.0,42.8,19.0,0
640,67.0,209.0,40.1,85.0,0
641,77.0,423.0,24.3,187.0,0
642,97.0,405.0,53.6,108.0,1
643,77.0,189.0,33.9,105.0,0
644,65.0,461.0,45.0,28.0,0
645,78.0,479.0,24.4,0.0,0
646,77.0,197.0,28.2,162.0,0
647,60.0,209.0,54.4,18.0,0
648,79.0,278.0,36.5,127.0,0
649,78.0,474.0,54.5,183.0,0
650,87.0,444.0,39.2,42.0,0
651,98.0,96.0,21.6,133.0,0
652,91.0,227.0,48.9,16.0,0
653,77.0,299.0,34.1,121.0,0
654,69.0,276.0,47.0,33.0,0
655,100.0,137.0,40.3,147.0,0
656,81.0,436.0,24.6,60.0,0
657,80.0,355.0,41.6,93.0,0
658,80.0,427.0,62.0,120.0,1
659,82.0,436.0,44.9,34.0,0
660,79.0,387.0,39.4,148.0,0
661,74.0,248.0,50.8,61.0,0
662,75.0,325.0,42.1,132.0,0
663,80.0,122.0,42.1,32.0,0
664,75.0,353.0,29.1,138.0,0
665,73.0,131.0,42.3,26.0,0
666,81.0,362.0,50.4,85.0,0
667,77.0,153.0,31.6,49.0,0
668,95.0,103.0,54.2,150.0,0
669,60.0,124.0,39.1,52.0,0
670,91.0,51.0,31.1,176.0,0
671,92.0,373.0,50.0,178.0,0
672,60.0,380.0,37.1,39.0,0
673,77.0,282.0,47.6,123.0,0
674,76.0,123.0,37.1,18.0,0
675,66.0,88.0,39.4,78.0,0
676,72.0,59.0,44.9,143.0,0
677,69.0,125.0,42.9,132.0,0
678,98.0,451.0,20.0,125.0,1
679,89.0,159.0,28.8,57.0,0
680,93.0,209.0,49.3,76.0,0
681,87.0,97.0,38.7,21.0,0
682,69.0,150.0,34.8,144.0,0
683,75.0,284.0,26.4,101.0,0
684,85.0,323.0,29.2,142.0,0
685,68.0,160.0,19.8,50.0,0
686,87.0,76.0,39.0,65.0,0
687,78.0,226.0,34.0,67.0,0
688,76.0,155.0,30.3,5.0,0
689,87.0,149.0,39.3,68.0,0
690,84.0,482.0,43.6,161.0,0
691,76.0,327.0,60.9,179.0,1
692,92.0,301.0,24.9,104.0,0
693,69.0,237.0,51.6,91.0,0
694,86.0,243.0,49.7,6.0,0
695,86.0,293.0,32.2,176.0,0
696,77.0,363.0,42.0,3.0,0
697,83.0,366.0,35.4,189.0,0
698,67.0,127.0,41.9,98.0,0
699,89.0,275.0,55.1,68.0,0
700,78.0,235.0,46.1,185.0,0
701,75.0,442.0,45.1,5.0,0
702,90.0,334.0,35.7,116.0,0
703,73.0,290.0,25.2,110.0,0
704,66.0,102.0,37.9,44.0,0
705,64.0,323.0,52.1,86.0,0
706,86.0,103.0,24.7,130.0,0
707,67.0,202.0,29.4,145.0,0
708,98.0,114.0,41.3,0.0,0
709,60.0,361.0,30.2,187.0,0
710,97.0,143.0,32.1,33.0,0
711,82.0,226.0,35.8,47.0,0
712,79.0,453.0,26.3,53.0,0
713,75.0,142.0,30.3,8.0,0
714,84.0,279.0,47.0,25.0,0
715,80.0,239.0,26.9,197.0,0
716,91.0,58.0,24.0,63.0,0
717,81.0,407.0,33.7,23.0,0
718,82.0,81.0,47.3,21.0,0
719,76.0,263.0,38.0,144.0,0
720,79.0,302.0,35.4,171.0,0
721,83.0,333.0,40.4,51.0,0
722,63.0,360.0,22.5,4.0,0
723,67.0,164.0,44.9,45.0,0
724,87.0,54.0,43.8,11.0,0
725,82.0,376.0,35.9,21.0,0
726,78.0,291.0,50.1,86.0,0
727,80.0,426.0,28.7,46.0,0
728,83.0,420.0,51.3,103.0,0
729,75.0,429.0,41.5,51.0,0
730,72.0,268.0,36.6,188.0,0
731,82.0,200.0,39.8,181.0,0
732,70.0,406.0,38.9,113.0,0
733,84.0,253.0,52.2,71.0,0
734,63.0,133.0,29.2,76.0,0
735,90.0,435.0,32.4,82.0,0
736,85.0,447.0,50.4,146.0,0
737,83.0,260.0,34.0,90.0,0
738,90.0,84.0,49.0,171.0,0
739,97.0,225.0,57.0,189.0,0
740,90.0,412.0,36.0,67.0,0
741,62.0,456.0,46.8,112.0,0
742,67.0,142.0,28.5,19.0,0
743,74.0,80.0,47.5,40.0,0
744,80.0,445.0,42.0,83.0,0
745,85.0,225.0,44.7,41.0,0
746,73.0,294.0,33.5,175.0,0
747,82.0,486.0,23.4,32.0,0
748,72.0,80.0,45.0,91.0,0
749,74.0,342.0,19.4,121.0,0
750,66.0,83.0,36.8,138.0,0
751,71.0,219.0,49.4,77.0,0
752,66.0,412.0,41.9,174.0,0
753,70.0,245.0,59.5,114.0,0
754,91.0,499.0,50.3,88.0,1
755,71.0,302.0,33.5,13.0,0
756,100.0,195.0,40.3,93.0,0
757,85.0,149.0,39.5,164.0,0
758,82.0,208.0,24.2,123.0,0
759,71.0,218.0,30.6,166.0,0
760,87.0,81.0,34.4,99.0,0
761,74.0,216.0,19.6,24.0,0
762,81.0,259.0,40.5,3.0,0
763,100.0,375.0,37.5,61.0,0
764,79.0,346.0,23.3,140.0,0
765,91.0,369.0,44.0,158.0,0
766,73.0,54.0,47.2,59.0,0
767,80.0,148.0,42.3,99.0,0
768,98.0,348.0,36.8,84.0,0
769,74.0,268.0,45.9,82.0,0
770,98.0,52.0,46.8,46.0,0
771,87.0,412.0,43.1,27.0,0
772,74.0,398.0,31.8,39.0,0
773,86.0,297.0,42.8,11.0,0
774,90.0,80.0,52.0,40.0,0
775,86.0,395.0,34.0,2.0,0
776,64.0,313.0,61.0,125.0,1
777,73.0,402.0,34.7,63.0,0
778,78.0,388.0,40.3,195.0,0
779,79.0,411.0,33.3,39.0,0
780,86.0,283.0,42.2,69.0,0
781,82.0,113.0,22.6,72.0,0
782,67.0,352.0,34.5,2.0,0
783,84.0,329.0,29.1,168.0,0
784,86.0,384.0,41.4,6.0,0
785,86.0,126.0,49.9,188.0,0
786,91.0,138.0,46.5,178.0,0
787,88.0,451.0,16.3,107.0,0
788,85.0,387.0,60.4,109.0,1
789,79.0,459.0,43.0,131.0,0
790,63.0,391.0,32.2,77.0,0
791,84.0,319.0,41.6,129.0,0
792,82.0,344.0,41.8,9.0,0
793,83.0,450.0,33.3,11.0,0
794,67.0,310.0,42.0,91.0,0
795,69.0,335.0,33.9,110.0,0
796,91.0,120.0,36.0,178.0,0
797,80.0,263.0,33.1,21.0,0
798,87.0,372.0,25.7,165.0,0
799,80.0,172.0,41.5,42.0,0
800,80.0,141.0,45.9,79.0,0
801,89.0,191.0,45.1,63.0,0
802,75.0,159.0,48.2,80.0,0
803,81.0,147.0,43.2,30.0,0
804,75.0,241.0,34.7,101.0,0
805,76.0,459.0,48.4,160.0,0
806,77.0,278.0,26.4,88.0,0
807,82.0,135.0,31.0,98.0,0
808,75.0,85.0,30.4,170.0,0
809,93.0,363.0,50.8,141.0,0
810,71.0,222.0,49.4,98.0,0
811,78.0,420.0,44.9,52.0,0
812,76.0,347.0,50.7,177.0,0
813,94.0,408.0,31.2,115.0,1
814,82.0,172.0,43.5,44.0,0
815,90.0,362.0,38.7,54.0,0
816,65.0,169.0,48.5,161.0,0
817,83.0,473.0,38.8,9.0,0
818,89.0,336.0,36.2,198.0,0
819,81.0,196.0,45.4,26.0,0
820,91.0,171.0,48.8,159.0,0
821,75.0,136.0,33.3,79.0,0
822,94.0,363.0,39.4,98.0,0
823,100.0,148.0,29.4,176.0,0
824,76.0,318.0,15.0,83.0,0
825,76.0,169.0,42.0,107.0,0
826,95.0,348.0,46.1,10.0,0
827,96.0,417.0,42.6,0.0,1
828,75.0,400.0,20.5,49.0,0
829,76.0,392.0,36.5,136.0,0
830,77.0,134.0,17.8,24.0,0
831,67.0,90.0,53.7,23.0,0
832,71.0,365.0,29.1,82.0,0
833,70.0,216.0,52.6,130.0,0
834,72.0,245.0,49.5,142.0,0
835,80.0,64.0,31.0,36.0,0
836,82.0,167.0,28.7,16.0,0
837,96.0,65.0,43.5,188.0,0
838,70.0,446.0,31.6,52.0,0
839,90.0,160.0,41.0,171.0,0
840,78.0,301.0,35.2,173.0,0
841,80.0,68.0,22.2,155.0,0
842,87.0,350.0,17.7,34.0,0
843,69.0,195.0,42.3,164.0,0
844,84.0,454.0,34.4,154.0,0
845,82.0,450.0,34.5,119.0,0
846,85.0,196.0,47.0,67.0,0
847,83.0,455.0,51.7,53.0,0
848,100.0,498.0,37.3,24.0,1
849,74.0,421.0,36.6,102.0,0
850,75.0,430.0,45.0,117.0,0
851,74.0,162.0,26.4,72.0,0
852,74.0,310.0,42.2,95.0,0
853,74.0,80.0,45.5,73.0,0
854,92.0,93.0,46.8,128.0,0
855,94.0,500.0,20.6,180.0,1
856,74.0,197.0,32.4,33.0,0
857,72.0,387.0,31.2,76.0,0
858,85.0,413.0,41.0,28.0,0
859,74.0,436.0,44.8,125.0,0
860,86.0,499.0,55.0,146.0,0
861,82.0,159.0,35.1,186.0,0
862,65.0,68.0,35.0,56.0,0
863,95.0,235.0,51.5,190.0,0
864,98.0,109.0,43.0,13.0,0
865,74.0,60.0,52.7,121.0,0
866,76.0,212.0,42.9,11.0,0
867,83.0,403.0,28.4,179.0,0
868,83.0,305.0,26.7,106.0,0
869,87.0,191.0,24.5,134.0,0
870,100.0,344.0,46.6,166.0,0
871,78.0,154.0,51.9,30.0,0
872,72.0,56.0,58.5,8.0,0
873,66.0,394.0,48.4,176.0,0
874,73.0,331.0,51.6,63.0,0
875,80.0,393.0,34.2,26.0,0
876,98.0,68.0,28.4,94.0,0
877,75.0,427.0,48.5,120.0,0
878,82.0,329.0,44.2,6.0,0
879,80.0,304.0,41.1,55.0,0
880,92.0,331.0,43.9,7.0,0
881,100.0,439.0,43.2,84.0,1
882,75.0,314.0,52.8,179.0,0
883,75.0,311.0,52.9,197.0,0
884,90.0,496.0,45.4,127.0,0
885,87.0,391.0,48.5,32.0,0
886,98.0,249.0,45.1,181.0,0
887,86.0,368.0,35.4,103.0,0
888,76.0,225.0,47.6,31.0,0
889,86.0,153.0,26.1,184.0,0
890,91.0,319.0,50.5,151.0,0
891,88.0,468.0,28.1,146.0,0
892,85.0,468.0,42.9,142.0,0
893,91.0,204.0,31.5,40.0,0
894,92.0,287.0,45.5,42.0,0
895,94.0,145.0,39.7,138.0,0
896,86.0,498.0,24.1,44.0,0
897,78.0,492.0,44.2,88.0,0
898,81.0,342.0,34.2,156.0,0
899,92.0,412.0,48.8,157.0,1
900,72.0,372.0,40.0,91.0,0
901,84.0,317.0,44.0,158.0,0
902,76.0,74.0,30.4,168.0,0
903,80.0,255.0,34.1,131.0,0
904,93.0,354.0,35.4,46.0,0
905,82.0,355.0,48.6,55.0,0
906,80.0,218.0,56.8,63.0,0
907,66.0,474.0,31.9,23.0,0
908,87.0,125.0,50.8,55.0,0
909,86.0,275.0,18.3,42.0,0
910,100.0,361.0,28.1,91.0,0
911,77.0,364.0,30.4,182.0,0
912,82.0,342.0,26.5,21.0,0
913,82.0,174.0,24.2,144.0,0
914,96.0,120.0,44.1,137.0,0
915,79.0,336.0,37.9,19.0,0
916,83.0,320.0,43.8,185.0,0
917,86.0,131.0,46.9,114.0,0
918,82.0,367.0,42.7,73.0,0
919,76.0,255.0,46.6,151.0,0
920,82.0,350.0,39.3,51.0,0
921,91.0,427.0,28.1,139.0,1
922,70.0,126.0,50.6,8.0,0
923,81.0,59.0,34.1,168.0,0
924,73.0,401.0,30.6,90.0,0
925,92.0,324.0,38.2,127.0,0
926,65.0,365.0,30.9,44.0,0
927,74.0,427.0,35.8,135.0,0
928,84.0,411.0,43.4,154.0,0
929,96.0,482.0,43.5,95.0,1
930,79.0,291.0,31.0,124.0,0
931,74.0,270.0,35.1,91.0,0
932,99.0,231.0,50.7,179.0,0
933,66.0,119.0,45.0,100.0,0
934,60.0,308.0,60.8,168.0,1
935,84.0,175.0,51.8,160.0,0
936,75.0,465.0,51.4,82.0,0
937,70.0,312.0,26.1,46.0,0
938,87.0,317.0,47.6,81.0,0
939,82.0,210.0,39.5,165.0,0
940,74.0,73.0,34.5,46.0,0
941,67.0,64.0,41.7,105.0,0
942,89.0,241.0,49.5,161.0,0
943,87.0,88.0,45.0,71.0,0
944,79.0,323.0,31.2,128.0,0
945,98.0,446.0,47.4,49.0,1
946,69.0,447.0,33.6,22.0,0
947,65.0,347.0,42.2,159.0,0
948,73.0,145.0,37.0,20.0,0
949,80.0,438.0,37.8,54.0,0
950,82.0,449.0,47.7,171.0,0
951,78.0,138.0,29.6,69.0,0
952,84.0,382.0,59.5,195.0,0
953,67.0,179.0,21.8,196.0,0
954,94.0,411.0,34.0,54.0,1
955,79.0,499.0,43.7,8.0,0
956,91.0,64.0,45.8,141.0,0
957,83.0,454.0,39.0,90.0,0
958,85.0,330.0,39.4,20.0,0
959,86.0,488.0,44.1,142.0,0
960,84.0,259.0,37.7,6.0,0
961,86.0,431.0,53.9,174.0,0
962,93.0,78.0,48.4,28.0,0
963,82.0,201.0,48.7,25.0,0
964,87.0,80.0,30.3,35.0,0
965,79.0,489.0,39.2,192.0,0
966,94.0,418.0,37.0,139.0,1
967,73.0,434.0,29.9,160.0,0
968,98.0,472.0,43.6,80.0,1
969,80.0,88.0,34.6,67.0,0
970,66.0,224.0,46.6,47.0,0
971,81.0,82.0,29.3,96.0,0
972,73.0,145.0,57.2,110.0,0
973,88.0,153.0,31.0,126.0,0
974,73.0,261.0,42.2,51.0,0
975,76.0,171.0,47.9,190.0,0
976,61.0,95.0,34.3,34.0,0
977,75.0,125.0,48.5,193.0,0
978,60.0,116.0,27.7,3.0,0
979,64.0,488.0,54.5,96.0,0
980,88.0,392.0,40.1,67.0,0
981,88.0,485.0,34.0,90.0,0
982,84.0,248.0,37.0,114.0,0
983,70.0,175.0,48.1,87.0,0
984,80.0,409.0,34.2,83.0,0
985,80.0,197.0,32.5,147.0,0
986,68.0,185.0,37.8,137.0,0
987,95.0,155.0,28.2,167.0,0
988,89.0,108.0,58.2,50.0,0
989,78.0,165.0,34.3,122.0,0
990,80.0,210.0,48.3,117.0,0
991,82.0,353.0,42.1,74.0,0
992,60.0,78.0,30.2,97.0,0
993,78.0,145.0,39.9,63.0,0
994,73.0,414.0,47.8,28.0,0
995,70.0,116.0,38.1,43.0,0
996,77.0,204.0,51.9,21.0,0
997,98.0,439.0,50.2,137.0,1
998,86.0,120.0,49.2,132.0,0
999,74.0,87.0,35.4,190.0,0
1000,86.0,268.0,29.2,146.0,0
1001,94.0,186.0,33.9,10.0,0
1002,89.0,304.0,42.0,177.0,0
1003,81.0,412.0,45.5,173.0,0
1004,74.0,112.0,18.3,89.0,0
1005,87.0,311.0,39.9,117.0,0
1006,84.0,277.0,41.6,195.0,0
1007,89.0,115.0,37.2,106.0,0
1008,86.0,331.0,52.9,181.0,0
1009,90.0,173.0,44.2,17.0,0
1010,75.0,270.0,53.1,38.0,0
1011,93.0,87.0,37.8,88.0,0
1012,82.0,257.0,49.4,117.0,0
1013,100.0,188.0,56.4,163.0,0
1014,73.0,420.0,53.1,198.0,0
1015,97.0,76.0,29.1,78.0,0
1016,82.0,238.0,37.5,9.0,0
1017,73.0,256.0,36.5,160.0,0
1018,75.0,376.0,44.9,121.0,0
1019,77.0,308.0,46.9,40.0,0
1020,84.0,350.0,31.6,99.0,0
1021,85.0,400.0,40.7,148.0,0
1022,74.0,438.0,19.8,154.0,0
1023,80.0,191.0,54.4,100.0,0
1024,100.0,292.0,34.9,61.0,0
1025,97.0,428.0,40.6,195.0,1
1026,84.0,495.0,36.9,133.0,0
1027,80.0,450.0,51.5,82.0,0
1028,81.0,217.0,11.6,56.0,0
1029,86.0,138.0,39.8,146.0,0
1030,70.0,270.0,38.9,48.0,0
1031,77.0,384.0,35.5,34.0,0
1032,63.0,272.0,57.3,106.0,0
1033,84.0,267.0,31.1,58.0,0
1034,86.0,427.0,47.7,126.0,0
1035,75.0,213.0,43.6,24.0,0
1036,96.0,437.0,52.6,131.0,1
1037,68.0,233.0,33.3,57.0,0
1038,65.0,198.0,32.7,0.0,0
1039,82.0,254.0,51.0,25.0,0
1040,90.0,393.0,44.3,187.0,0
1041,97.0,107.0,24.6,173.0,0
1042,75.0,138.0,34.6,47.0,0
1043,91.0,478.0,43.9,156.0,1
1044,80.0,129.0,48.4,122.0,0
1045,78.0,305.0,33.2,194.0,0
1046,89.0,311.0,10.9,75.0,0
1047,87.0,270.0,45.2,136.0,0
1048,64.0,340.0,27.8,13.0,0
1049,95.0,153.0,19.8,79.0,0
1050,94.0,299.0,11.7,193.0,0
1051,74.0,217.0,48.1,108.0,0
1052,84.0,348.0,41.3,58.0,0
1053,85.0,114.0,37.7,24.0,0
1054,83.0,307.0,53.9,141.0,0
1055,74.0,133.0,46.4,129.0,0
1056,73.0,175.0,56.2,75.0,0
1057,80.0,148.0,26.1,190.0,0
1058,92.0,132.0,39.7,4.0,0
1059,85.0,422.0,23.8,61.0,0
1060,76.0,179.0,37.7,184.0,0
1061,88.0,467.0,37.5,64.0,0
1062,60.0,486.0,46.3,50.0,0
1063,91.0,307.0,40.5,107.0,0
1064,63.0,114.0,46.2,165.0,0
1065,76.0,219.0,47.0,21.0,0
1066,69.0,409.0,61.5,189.0,1
1067,67.0,215.0,36.8,159.0,0
1068,92.0,89.0,30.6,36.0,0
1069,75.0,301.0,42.5,142.0,0
1070,83.0,430.0,32.0,77.0,0
1071,80.0,408.0,54.8,80.0,0
1072,85.0,129.0,37.2,157.0,0
1073,81.0,353.0,34.3,193.0,0
1074,67.0,149.0,35.3,25.0,0
1075,90.0,148.0,47.2,84.0,0
1076,75.0,443.0,38.4,96.0,0
1077,64.0,162.0,33.6,75.0,0
1078,76.0,168.0,56.7,73.0,0
1079,95.0,50.0,31.4,10.0,0
1080,89.0,442.0,40.4,137.0,0
1081,77.0,407.0,46.5,87.0,0
1082,77.0,332.0,23.7,39.0,0
1083,77.0,388.0,44.8,163.0,0
1084,100.0,118.0,29.4,161.0,0
1085,84.0,256.0,48.2,97.0,0
1086,84.0,208.0,30.4,60.0,0
1087,90.0,92.0,46.9,128.0,0
1088,82.0,269.0,51.1,58.0,0
1089,77.0,464.0,48.6,47.0,0
1090,78.0,68.0,42.5,146.0,0
1091,79.0,181.0,37.7,8.0,0
1092,80.0,143.0,34.2,19.0,0
1093,87.0,157.0,54.7,1.0,0
1094,81.0,459.0,33.0,31.0,0
1095,87.0,261.0,29.6,14.0,0
1096,79.0,260.0,46.7,199.0,0
1097,81.0,392.0,32.0,58.0,0
1098,60.0,120.0,30.5,30.0,0
1099,89.0,269.0,25.6,48.0,0
1100,83.0,243.0,35.2,187.0,0
1101,90.0,319.0,39.2,104.0,0
1102,60.0,500.0,42.4,73.0,0
1103,100.0,396.0,49.5,175.0,0
1104,79.0,229.0,45.3,79.0,0
1105,91.0,422.0,38.1,67.0,1
1106,70.0,127.0,38.0,41.0,0
1107,86.0,64.0,45.1,76.0,0
1108,69.0,142.0,52.7,63.0,0
1109,74.0,203.0,41.3,135.0,0
1110,99.0,280.0,35.3,58.0,0
1111,78.0,327.0,30.1,115.0,0
1112,82.0,460.0,25.5,13.0,0
1113,89.0,279.0,46.7,38.0,0
1114,85.0,276.0,45.8,81.0,0
1115,82.0,73.0,45.8,187.0,0
1116,84.0,66.0,38.7,75.0,0
1117,100.0,298.0,54.1,133.0,0
1118,79.0,247.0,35.2,51.0,0
1119,82.0,428.0,49.6,25.0,0
1120,91.0,122.0,39.6,12.0,0
1121,91.0,61.0,33.9,61.0,0
1122,92.0,252.0,45.9,32.0,0
1123,86.0,157.0,44.1,35.0,0
1124,69.0,72.0,43.6,152.0,0
1125,96.0,376.0,40.8,3.0,0
1126,69.0,100.0,39.6,112.0,0
1127,83.0,324.0,63.9,76.0,1
1128,72.0,176.0,51.8,101.0,0
1129,79.0,128.0,47.2,113.0,0
1130,83.0,221.0,41.1,63.0,0
1131,83.0,411.0,50.1,59.0,0
1132,84.0,226.0,45.2,147.0,0
1133,96.0,388.0,40.3,174.0,0
1134,85.0,106.0,37.0,39.0,0
1135,78.0,398.0,39.2,20.0,0
1136,90.0,157.0,10.0,180.0,0
1137,92.0,355.0,42.1,70.0,0
1138,68.0,305.0,35.1,110.0,0
1139,86.0,468.0,55.9,72.0,0
1140,87.0,224.0,40.2,25.0,0
1141,77.0,80.0,28.1,118.0,0
1142,94.0,59.0,39.5,105.0,0
1143,78.0,422.0,29.5,41.0,0
1144,81.0,286.0,44.7,90.0,0
1145,78.0,399.0,42.9,159.0,0
1146,80.0,155.0,49.6,118.0,0
1147,69.0,205.0,32.1,19.0,0
1148,66.0,64.0,40.3,110.0,0
1149,96.0,483.0,26.3,141.0,1
1150,72.0,351.0,47.0,159.0,0
1151,70.0,470.0,45.2,126.0,0
1152,60.0,169.0,45.0,31.0,0
1153,74.0,325.0,40.0,142.0,0
1154,67.0,355.0,44.1,135.0,0
1155,96.0,193.0,56.0,5.0,0
1156,90.0,432.0,37.1,82.0,0
1157,73.0,476.0,41.4,67.0,0
1158,100.0,448.0,29.1,134.0,1
1159,90.0,383.0,31.3,43.0,0
1160,77.0,175.0,41.0,118.0,0
1161,60.0,177.0,51.0,183.0,0
1162,100.0,484.0,37.4,160.0,1
1163,66.0,55.0,37.6,184.0,0
1164,64.0,372.0,35.9,196.0,0
1165,90.0,368.0,34.7,2.0,0
1166,100.0,330.0,42.9,125.0,0
1167,94.0,496.0,25.0,83.0,1
1168,86.0,190.0,52.8,172.0,0
1169,86.0,203.0,33.3,50.0,0
1170,89.0,86.0,47.2,196.0,0
1171,88.0,249.0,27.3,123.0,0
1172,83.0,167.0,46.7,159.0,0
1173,81.0,205.0,46.7,17.0,0
1174,79.0,426.0,43.8,37.0,0
1175,72.0,471.0,30.1,152.0,0
1176,77.0,134.0,42.5,4.0,0
1177,63.0,218.0,28.2,163.0,0
1178,79.0,468.0,37.5,3.0,0
1179,70.0,78.0,50.3,131.0,0
1180,69.0,92.0,48.0,73.0,0
1181,82.0,123.0,40.2,122.0,0
1182,94.0,318.0,30.3,139.0,0
1183,89.0,118.0,46.5,68.0,0
1184,64.0,486.0,40.2,22.0,0
1185,70.0,251.0,16.8,14.0,0
1186,89.0,276.0,47.8,118.0,0
1187,70.0,161.0,39.8,104.0,0
1188,78.0,262.0,52.0,148.0,0
1189,86.0,348.0,29.0,102.0,0
1190,70.0,388.0,10.0,84.0,0
1191,81.0,389.0,42.8,80.0,0
1192,67.0,310.0,42.9,5.0,0
1193,74.0,457.0,23.1,67.0,0
1194,83.0,418.0,30.2,195.0,0
1195,64.0,391.0,67.6,175.0,1
1196,84.0,75.0,36.9,66.0,0
1197,80.0,53.0,47.3,118.0,0
1198,86.0,146.0,33.5,169.0,0
1199,82.0,349.0,19.1,88.0,0
1200,94.0,235.0,38.3,4.0,0
1201,81.0,231.0,37.3,15.0,0
1202,76.0,448.0,36.0,102.0,0
1203,81.0,453.0,38.9,194.0,0
1204,85.0,459.0,42.6,139.0,0
1205,80.0,191.0,38.5,14.0,0
1206,80.0,361.0,27.4,38.0,0
1207,73.0,172.0,44.9,154.0,0
1208,73.0,136.0,20.5,168.0,0
1209,66.0,133.0,19.5,124.0,0
1210,97.0,204.0,47.4,129.0,0
1211,68.0,243.0,45.1,6.0,0
1212,73.0,424.0,39.4,166.0,0
1213,73.0,104.0,26.0,158.0,0
1214,89.0,381.0,32.9,52.0,0
1215,77.0,289.0,37.4,142.0,0
1216,92.0,180.0,24.0,43.0,0
1217,73.0,272.0,32.6,8.0,0
1218,83.0,185.0,46.5,40.0,0
1219,72.0,318.0,54.3,36.0,0
1220,100.0,245.0,35.8,68.0,0
1221,68.0,124.0,47.6,84.0,0
1222,83.0,102.0,20.9,102.0,0
1223,86.0,296.0,46.6,95.0,0
1224,84.0,456.0,32.0,54.0,0
1225,78.0,205.0,43.1,6.0,0
1226,79.0,380.0,37.5,121.0,0
1227,80.0,346.0,53.2,79.0,0
1228,79.0,469.0,31.3,60.0,0
1229,90.0,419.0,46.3,173.0,0
1230,100.0,305.0,37.2,149.0,0
1231,74.0,346.0,38.4,172.0,0
1232,66.0,454.0,38.2,99.0,0
1233,79.0,230.0,31.5,26.0,0
1234,100.0,197.0,39.9,139.0,0
1235,72.0,55.0,39.4,41.0,0
1236,96.0,422.0,42.4,88.0,1
1237,97.0,410.0,40.8,13.0,1
1238,74.0,97.0,48.0,165.0,0
1239,86.0,310.0,49.2,25.0,0
1240,96.0,259.0,29.5,181.0,0
1241,76.0,103.0,48.7,173.0,0
1242,78.0,491.0,28.1,93.0,0
1243,74.0,147.0,45.9,149.0,0
1244,70.0,80.0,46.2,124.0,0
1245,74.0,318.0,20.9,161.0,0
1246,68.0,382.0,40.9,86.0,0
1247,80.0,65.0,35.3,157.0,0
1248,72.0,346.0,32.4,92.0,0
1249,82.0,290.0,53.5,188.0,0
1250,64.0,96.0,33.5,97.0,0
1251,83.0,128.0,31.9,93.0,0
1252,88.0,306.0,40.8,157.0,0
1253,60.0,183.0,46.9,164.0,0
1254,84.0,472.0,38.6,111.0,0
1255,92.0,418.0,51.7,36.0,1
1256,68.0,493.0,45.3,94.0,0
1257,97.0,167.0,18.2,194.0,0
1258,84.0,486.0,34.7,151.0,0
1259,73.0,244.0,34.4,162.0,0
1260,79.0,206.0,44.8,7.0,0
1261,86.0,73.0,13.8,94.0,0
1262,81.0,74.0,65.5,129.0,1
1263,85.0,361.0,45.3,166.0,0
1264,71.0,256.0,41.5,10.0,0
1265,82.0,152.0,51.8,170.0,0
1266,66.0,326.0,63.4,110.0,1
1267,79.0,164.0,48.7,39.0,0
1268,71.0,310.0,49.5,63.0,0
1269,73.0,212.0,41.3,56.0,0
1270,92.0,421.0,38.6,106.0,1
1271,91.0,419.0,35.2,10.0,1
1272,86.0,265.0,31.7,32.0,0
1273,69.0,208.0,33.1,163.0,0
1274,77.0,213.0,26.5,27.0,0
1275,92.0,413.0,39.2,47.0,1
1276,81.0,198.0,23.2,91.0,0
1277,100.0,144.0,41.9,103.0,0
1278,84.0,88.0,39.6,153.0,0
1279,82.0,260.0,41.5,89.0,0
1280,77.0,267.0,34.8,158.0,0
1281,81.0,428.0,70.0,124.0,1
1282,78.0,150.0,53.6,23.0,0
1283,87.0,221.0,27.6,31.0,0
1284,90.0,414.0,42.3,87.0,0
1285,72.0,421.0,33.9,79.0,0
1286,67.0,223.0,29.9,149.0,0
1287,62.0,257.0,26.6,116.0,0
1288,85.0,186.0,44.3,78.0,0
1289,69.0,470.0,33.2,34.0,0
1290,60.0,103.0,49.7,45.0,0
1291,84.0,470.0,49.9,115.0,0
1292,100.0,358.0,53.7,85.0,0
1293,80.0,289.0,31.5,103.0,0
1294,88.0,65.0,44.8,34.0,0
1295,81.0,264.0,46.3,133.0,0
1296,79.0,233.0,35.3,171.0,0
1297,89.0,123.0,32.3,52.0,0
1298,77.0,345.0,56.1,98.0,0
1299,83.0,487.0,42.3,195.0,0
1300,83.0,303.0,46.4,67.0,0
1301,73.0,372.0,31.8,119.0,0
1302,90.0,81.0,27.8,18.0,0
1303,78.0,238.0,34.3,121.0,0
1304,72.0,102.0,38.8,18.0,0
1305,85.0,326.0,29.4,192.0,0
1306,71.0,472.0,39.9,143.0,0
1307,80.0,348.0,23.1,158.0,0
1308,80.0,85.0,28.8,141.0,0
1309,91.0,210.0,46.7,118.0,0
1310,85.0,298.0,46.0,90.0,0
1311,80.0,231.0,36.1,172.0,0
1312,88.0,425.0,29.8,191.0,0
1313,94.0,417.0,29.7,100.0,1
1314,86.0,325.0,36.3,186.0,0
1315,80.0,218.0,46.4,117.0,0
1316,67.0,165.0,49.3,108.0,0
1317,69.0,98.0,35.0,91.0,0
1318,77.0,210.0,28.5,42.0,0
1319,74.0,236.0,42.7,1.0,0
1320,78.0,354.0,31.8,48.0,0
1321,81.0,346.0,34.8,102.0,0
1322,85.0,82.0,53.3,76.0,0
1323,79.0,228.0,48.3,90.0,0
1324,85.0,132.0,41.6,196.0,0
1325,81.0,121.0,27.3,70.0,0
1326,60.0,422.0,42.1,90.0,0
1327,71.0,69.0,50.6,27.0,0
1328,79.0,239.0,36.2,10.0,0
1329,68.0,126.0,53.5,155.0,0
1330,86.0,446.0,52.9,114.0,0
1331,95.0,301.0,56.6,152.0,0
1332,92.0,154.0,43.1,30.0,0
1333,78.0,276.0,45.9,114.0,0
1334,95.0,379.0,54.1,51.0,0
1335,81.0,481.0,44.5,46.0,0
1336,77.0,149.0,35.0,2.0,0
1337,74.0,449.0,35.5,26.0,0
1338,77.0,470.0,42.4,62.0,0
1339,76.0,462.0,27.1,23.0,0
1340,82.0,336.0,38.6,197.0,0
1341,82.0,333.0,51.0,62.0,0
1342,80.0,231.0,18.1,26.0,0
1343,84.0,389.0,55.3,40.0,0
1344,92.0,289.0,51.2,118.0,0
1345,89.0,355.0,35.4,13.0,0
1346,65.0,243.0,45.4,172.0,0
1347,60.0,379.0,40.0,192.0,0
1348,89.0,421.0,52.3,49.0,0
1349,66.0,116.0,49.8,90.0,0
1350,78.0,425.0,26.0,4.0,0
1351,68.0,293.0,45.9,128.0,0
1352,62.0,430.0,37.9,83.0,0
1353,85.0,244.0,40.8,54.0,0
1354,88.0,221.0,32.7,41.0,0
1355,74.0,462.0,57.5,131.0,0
1356,60.0,163.0,50.4,83.0,0
1357,75.0,430.0,32.6,36.0,0
1358,84.0,268.0,26.7,138.0,0
1359,65.0,281.0,36.1,113.0,0
1360,82.0,189.0,44.3,172.0,0
1361,80.0,308.0,42.4,23.0,0
1362,86.0,196.0,52.5,157.0,0
1363,81.0,68.0,47.9,135.0,0
1364,70.0,172.0,49.7,23.0,0
1365,92.0,53.0,43.3,139.0,0
1366,78.0,490.0,26.1,88.0,0
1367,80.0,485.0,38.0,189.0,0
1368,71.0,228.0,50.6,28.0,0
1369,76.0,378.0,39.5,129.0,0
1370,71.0,206.0,45.0,76.0,0
1371,78.0,352.0,36.8,191.0,0
1372,97.0,412.0,29.7,66.0,1
1373,66.0,476.0,38.8,192.0,0
1374,64.0,230.0,43.1,180.0,0
1375,95.0,402.0,33.4,54.0,1
1376,78.0,170.0,37.6,161.0,0
1377,73.0,496.0,30.6,199.0,0
1378,90.0,62.0,51.2,51.0,0
1379,74.0,322.0,37.1,87.0,0
1380,98.0,347.0,54.5,104.0,0
1381,87.0,360.0,55.3,59.0,0
1382,75.0,104.0,39.2,3.0,0
1383,100.0,472.0,29.9,44.0,1
1384,74.0,132.0,19.1,56.0,0
1385,87.0,330.0,25.3,89.0,0
1386,83.0,150.0,26.3,34.0,0
1387,93.0,188.0,53.8,175.0,0
1388,96.0,296.0,41.2,141.0,0
1389,80.0,238.0,43.9,17.0,0
1390,72.0,122.0,17.8,130.0,0
1391,85.0,127.0,28.0,131.0,0
1392,73.0,238.0,48.9,191.0,0
1393,100.0,391.0,42.9,1.0,0
1394,81.0,454.0,38.5,50.0,0
1395,76.0,88.0,45.6,186.0,0
1396,82.0,227.0,56.4,186.0,0
1397,67.0,95.0,37.8,144.0,0
1398,70.0,57.0,40.7,153.0,0
1399,92.0,348.0,41.9,18.0,0
1400,73.0,321.0,63.9,103.0,1
1401,70.0,123.0,19.0,46.0,0
1402,85.0,155.0,46.8,36.0,0
1403,92.0,61.0,38.9,162.0,0
1404,87.0,426.0,45.7,27.0,0
1405,90.0,489.0,33.4,94.0,0
1406,72.0,111.0,39.5,188.0,0
1407,66.0,154.0,47.1,37.0,0
1408,95.0,441.0,70.0,196.0,1
1409,77.0,467.0,48.1,199.0,0
1410,77.0,239.0,31.5,111.0,0
1411,93.0,73.0,35.8,34.0,0
1412,86.0,68.0,35.5,63.0,0
1413,85.0,308.0,22.0,85.0,0
1414,100.0,227.0,36.7,62.0,0
1415,74.0,63.0,47.3,56.0,0
1416,89.0,312.0,27.3,194.0,0
1417,81.0,55.0,50.5,31.0,0
1418,83.0,404.0,44.9,147.0,0
1419,95.0,188.0,32.7,0.0,0
1420,85.0,68.0,38.6,119.0,0
1421,85.0,315.0,56.0,183.0,0
1422,91.0,229.0,47.3,58.0,0
1423,76.0,488.0,40.1,37.0,0
1424,72.0,295.0,37.6,130.0,0
1425,70.0,174.0,40.8,143.0,0
1426,60.0,369.0,34.9,138.0,0
1427,100.0,172.0,19.0,64.0,0
1428,69.0,457.0,60.4,50.0,1
1429,78.0,219.0,41.6,191.0,0
1430,77.0,297.0,44.0,185.0,0
1431,83.0,73.0,39.4,91.0,0
1432,88.0,242.0,32.6,169.0,0
1433,89.0,425.0,38.1,90.0,0
1434,74.0,413.0,24.0,85.0,0
1435,78.0,151.0,62.8,31.0,1
1436,83.0,152.0,27.7,85.0,0
1437,78.0,418.0,29.7,107.0,0
1438,96.0,469.0,35.6,5.0,1
1439,85.0,93.0,52.9,89.0,0
1440,87.0,253.0,40.1,156.0,0
1441,87.0,202.0,27.6,136.0,0
1442,92.0,442.0,52.5,127.0,1
1443,82.0,88.0,47.3,182.0,0
1444,67.0,145.0,45.4,4.0,0
1445,84.0,389.0,47.2,111.0,0
1446,73.0,73.0,63.9,157.0,1
1447,75.0,272.0,61.9,108.0,1
1448,86.0,249.0,33.1,65.0,0
1449,92.0,200.0,56.2,27.0,0
1450,80.0,228.0,43.8,178.0,0
1451,83.0,288.0,45.0,94.0,0
1452,97.0,123.0,23.1,176.0,0
1453,82.0,307.0,38.3,117.0,0
1454,100.0,412.0,31.9,135.0,1
1455,86.0,392.0,48.3,161.0,0
1456,62.0,119.0,50.7,132.0,0
1457,88.0,117.0,19.3,80.0,0
1458,84.0,171.0,39.8,103.0,0
1459,93.0,212.0,51.2,161.0,0
1460,87.0,234.0,38.1,75.0,0
1461,79.0,356.0,47.3,78.0,0
1462,68.0,76.0,43.5,19.0,0
1463,78.0,66.0,43.4,183.0,0
1464,71.0,226.0,37.3,18.0,0
1465,74.0,364.0,27.8,130.0,0
1466,86.0,137.0,28.8,83.0,0
1467,97.0,339.0,47.1,81.0,0
1468,84.0,167.0,40.2,136.0,0
1469,68.0,449.0,38.6,13.0,0
1470,84.0,453.0,35.8,119.0,0
1471,92.0,184.0,36.9,154.0,0
1472,74.0,153.0,50.5,166.0,0
1473,79.0,235.0,36.6,34.0,0
1474,80.0,158.0,26.6,179.0,0
1475,72.0,353.0,47.4,131.0,0
1476,86.0,422.0,38.0,176.0,0
1477,79.0,353.0,40.3,97.0,0
1478,84.0,421.0,56.1,108.0,0
1479,71.0,229.0,39.8,184.0,0
1480,76.0,120.0,42.9,180.0,0
1481,87.0,382.0,28.2,90.0,0
1482,76.0,212.0,37.8,55.0,0
1483,97.0,352.0,46.1,79.0,0
1484,76.0,172.0,24.4,78.0,0
1485,82.0,87.0,42.0,57.0,0
1486,89.0,497.0,41.0,54.0,0
1487,66.0,120.0,40.4,172.0,0
1488,62.0,495.0,50.4,14.0,0
1489,65.0,490.0,43.3,136.0,0
1490,93.0,407.0,54.8,35.0,1
1491,74.0,347.0,30.1,69.0,0
1492,100.0,310.0,41.4,12.0,0
1493,74.0,440.0,40.8,54.0,0
1494,82.0,180.0,29.3,154.0,0
1495,95.0,260.0,49.6,177.0,0
1496,100.0,329.0,63.2,44.0,1
1497,100.0,235.0,39.8,93.0,0
1498,92.0,242.0,45.1,94.0,0
1499,90.0,199.0,40.8,175.0,0
1500,86.0,304.0,32.9,153.0,0
1501,88.0,433.0,21.8,103.0,0
1502,74.0,141.0,32.9,134.0,0
1503,72.0,470.0,26.1,169.0,0
1504,80.0,360.0,57.0,2.0,0
1505,78.0,420.0,38.8,81.0,0
1506,75.0,300.0,36.5,181.0,0
1507,87.0,401.0,48.9,148.0,0
1508,90.0,57.0,28.8,109.0,0
1509,81.0,418.0,32.3,106.0,0
1510,95.0,68.0,40.7,70.0,0
1511,69.0,450.0,50.3,104.0,0
1512,78.0,496.0,45.0,131.0,0
1513,73.0,182.0,42.5,84.0,0
1514,61.0,145.0,40.8,143.0,0
1515,79.0,394.0,44.0,172.0,0
1516,79.0,164.0,42.0,31.0,0
1517,95.0,440.0,29.7,90.0,1
1518,86.0,96.0,40.5,82.0,0
1519,70.0,107.0,29.3,137.0,0
1520,99.0,491.0,40.8,50.0,1
1521,92.0,353.0,35.2,128.0,0
1522,86.0,431.0,65.4,175.0,1
1523,78.0,196.0,39.6,84.0,0
1524,70.0,354.0,26.0,182.0,0
1525,76.0,317.0,38.7,199.0,0
1526,91.0,321.0,45.2,21.0,0
1527,99.0,357.0,56.7,47.0,0
1528,95.0,309.0,34.1,190.0,0
1529,75.0,243.0,24.2,192.0,0
1530,69.0,174.0,48.2,20.0,0
1531,81.0,396.0,26.2,3.0,0
1532,62.0,152.0,35.6,32.0,0
1533,83.0,362.0,37.4,199.0,0
1534,79.0,155.0,39.3,36.0,0
1535,75.0,331.0,46.9,101.0,0
1536,64.0,386.0,33.2,170.0,0
1537,85.0,148.0,37.3,4.0,0
1538,75.0,77.0,39.9,121.0,0
1539,68.0,109.0,41.5,55.0,0
1540,60.0,323.0,41.0,172.0,0
1541,80.0,432.0,44.4,57.0,0
1542,98.0,70.0,48.4,137.0,0
1543,97.0,380.0,43.9,135.0,0
1544,75.0,204.0,44.5,44.0,0
1545,74.0,265.0,24.2,7.0,0
1546,85.0,468.0,40.5,82.0,0
1547,70.0,199.0,44.8,58.0,0
1548,83.0,259.0,47.3,162.0,0
1549,88.0,56.0,33.1,160.0,0
1550,92.0,87.0,33.4,91.0,0
1551,79.0,166.0,34.3,121.0,0
1552,78.0,63.0,45.4,121.0,0
1553,71.0,334.0,50.3,165.0,0
1554,72.0,242.0,35.9,85.0,0
1555,78.0,297.0,49.1,55.0,0
1556,84.0,129.0,41.2,53.0,0
1557,89.0,183.0,38.8,107.0,0
1558,72.0,349.0,37.9,90.0,0
1559,95.0,484.0,47.5,88.0,1
1560,77.0,73.0,43.3,18.0,0
1561,80.0,451.0,62.8,144.0,1
1562,73.0,310.0,31.5,43.0,0
1563,60.0,304.0,45.2,39.0,0
1564,89.0,275.0,34.7,83.0,0
1565,87.0,81.0,31.3,46.0,0
1566,77.0,90.0,39.9,117.0,0
1567,81.0,320.0,41.4,74.0,0
1568,85.0,203.0,69.2,90.0,1
1569,64.0,463.0,38.2,107.0,0
1570,75.0,233.0,28.7,41.0,0
1571,88.0,114.0,42.7,31.0,0
1572,67.0,372.0,19.3,176.0,0
1573,83.0,182.0,39.1,87.0,0
1574,66.0,286.0,40.2,82.0,0
1575,85.0,364.0,47.9,7.0,0
1576,80.0,455.0,49.7,100.0,0
1577,64.0,406.0,35.0,111.0,0
1578,92.0,354.0,38.5,112.0,0
1579,73.0,356.0,32.3,141.0,0
1580,72.0,476.0,28.7,35.0,0
1581,82.0,183.0,43.1,50.0,0
1582,91.0,51.0,27.3,162.0,0
1583,70.0,172.0,35.9,189.0,0
1584,81.0,148.0,30.0,27.0,0
1585,84.0,348.0,45.5,100.0,0
1586,87.0,335.0,58.0,43.0,0
1587,82.0,317.0,27.0,12.0,0
1588,76.0,57.0,21.5,65.0,0
1589,72.0,378.0,38.8,29.0,0
1590,81.0,196.0,40.2,142.0,0
1591,69.0,349.0,42.2,107.0,0
1592,60.0,300.0,35.5,29.0,0
1593,84.0,204.0,38.0,2.0,0
1594,89.0,111.0,43.7,162.0,0
1595,60.0,92.0,50.4,35.0,0
1596,70.0,424.0,20.4,121.0,0
1597,86.0,463.0,36.3,67.0,0
1598,100.0,342.0,42.1,117.0,0
1599,80.0,97.0,30.8,63.0,0
1600,73.0,231.0,57.3,17.0,0
1601,78.0,378.0,33.6,45.0,0
1602,94.0,401.0,39.6,38.0,1
1603,74.0,103.0,45.6,86.0,0
1604,72.0,50.0,34.1,132.0,0
1605,75.0,370.0,21.5,53.0,0
1606,70.0,210.0,35.7,2.0,0
1607,81.0,165.0,50.3,104.0,0
1608,96.0,56.0,36.6,121.0,0
1609,83.0,293.0,31.5,193.0,0
1610,77.0,433.0,49.3,118.0,0
1611,77.0,481.0,36.7,94.0,0
1612,64.0,305.0,34.9,115.0,0
1613,89.0,282.0,41.5,186.0,0
1614,79.0,88.0,47.7,166.0,0
1615,78.0,297.0,63.8,65.0,1
1616,100.0,221.0,48.3,47.0,0
1617,83.0,323.0,51.6,53.0,0
1618,72.0,225.0,34.9,101.0,0
1619,76.0,158.0,29.7,149.0,0
1620,91.0,93.0,40.6,101.0,0
1621,81.0,192.0,41.1,14.0,0
1622,66.0,93.0,29.2,145.0,0
1623,89.0,130.0,38.2,161.0,0
1624,73.0,494.0,44.0,58.0,0
1625,99.0,250.0,43.6,133.0,0
1626,91.0,289.0,45.0,85.0,0
1627,76.0,443.0,42.9,178.0,0
1628,93.0,498.0,34.9,169.0,1
1629,81.0,312.0,34.9,105.0,0
1630,89.0,416.0,28.0,138.0,0
1631,85.0,197.0,57.8,177.0,0
1632,72.0,188.0,40.1,99.0,0
1633,74.0,231.0,37.8,63.0,0
1634,90.0,353.0,30.7,151.0,0
1635,77.0,357.0,69.4,44.0,1
1636,76.0,192.0,29.3,78.0,0
1637,70.0,110.0,35.7,173.0,0
1638,84.0,335.0,44.2,145.0,0
1639,100.0,108.0,46.0,81.0,0
1640,69.0,310.0,49.6,43.0,0
1641,80.0,362.0,58.1,71.0,0
1642,94.0,365.0,45.1,57.0,0
1643,79.0,389.0,29.4,35.0,0
1644,85.0,443.0,37.4,149.0,0
1645,69.0,275.0,43.1,50.0,0
1646,84.0,379.0,60.7,91.0,1
1647,78.0,329.0,26.0,77.0,0
1648,90.0,134.0,52.0,196.0,0
1649,92.0,62.0,41.8,78.0,0
1650,100.0,178.0,48.4,16.0,0
1651,86.0,249.0,39.0,18.0,0
1652,83.0,328.0,31.6,118.0,0
1653,82.0,432.0,47.5,120.0,0
1654,76.0,138.0,46.5,84.0,0
1655,83.0,106.0,49.7,86.0,0
1656,77.0,484.0,39.9,11.0,0
1657,82.0,99.0,34.0,103.0,0
1658,93.0,265.0,24.4,101.0,0
1659,70.0,314.0,48.2,30.0,0
1660,91.0,294.0,44.2,21.0,0
1661,93.0,89.0,30.3,25.0,0
1662,79.0,76.0,34.6,20.0,0
1663,60.0,97.0,35.3,122.0,0
1664,74.0,314.0,25.2,39.0,0
1665,93.0,295.0,31.8,50.0,0
1666,80.0,155.0,28.7,35.0,0
1667,70.0,337.0,35.9,192.0,0
1668,75.0,419.0,32.6,171.0,0
1669,88.0,69.0,23.7,46.0,0
1670,85.0,274.0,60.2,66.0,1
1671,78.0,360.0,52.5,42.0,0
1672,76.0,164.0,32.2,98.0,0
1673,76.0,188.0,42.7,4.0,0
1674,71.0,326.0,44.2,134.0,0
1675,96.0,454.0,51.9,105.0,1
1676,77.0,414.0,31.8,180.0,0
1677,92.0,312.0,50.9,33.0,0
1678,95.0,379.0,34.5,161.0,0
1679,90.0,214.0,26.6,158.0,0
1680,76.0,338.0,47.2,25.0,0
1681,84.0,260.0,52.9,80.0,0
1682,80.0,135.0,65.9,34.0,1
1683,71.0,366.0,28.0,51.0,0
1684,83.0,300.0,47.0,53.0,0
1685,68.0,211.0,35.9,111.0,0
1686,92.0,460.0,47.8,82.0,1
1687,75.0,59.0,25.3,190.0,0
1688,82.0,192.0,27.4,25.0,0
1689,83.0,76.0,32.2,195.0,0
1690,77.0,395.0,40.8,46.0,0
1691,86.0,366.0,33.6,155.0,0
1692,75.0,199.0,46.6,68.0,0
1693,89.0,354.0,50.3,29.0,0
1694,67.0,228.0,46.0,172.0,0
1695,81.0,390.0,56.2,62.0,0
1696,99.0,254.0,44.2,132.0,0
1697,70.0,236.0,27.8,113.0,0
1698,73.0,471.0,53.6,94.0,0
1699,85.0,163.0,33.9,99.0,0
1700,82.0,104.0,49.1,146.0,0
1701,84.0,313.0,55.7,18.0,0
1702,85.0,486.0,44.6,134.0,0
1703,86.0,220.0,25.0,179.0,0
1704,91.0,78.0,30.8,12.0,0
1705,84.0,203.0,53.2,28.0,0
1706,78.0,278.0,38.3,143.0,0
1707,87.0,123.0,40.8,87.0,0
1708,99.0,346.0,47.6,81.0,0
1709,79.0,499.0,47.0,27.0,0
1710,70.0,253.0,42.8,101.0,0
1711,91.0,210.0,37.9,25.0,0
1712,79.0,230.0,36.9,95.0,0
1713,60.0,102.0,48.6,153.0,0
1714,88.0,447.0,45.5,52.0,0
1715,75.0,237.0,37.4,96.0,0
1716,79.0,224.0,50.8,198.0,0
1717,83.0,347.0,38.7,137.0,0
1718,82.0,249.0,31.5,168.0,0
1719,87.0,342.0,32.4,83.0,0
1720,76.0,78.0,30.2,154.0,0
1721,85.0,416.0,37.3,8.0,0
1722,77.0,473.0,52.3,25.0,0
1723,87.0,342.0,31.9,41.0,0
1724,86.0,480.0,41.9,80.0,0
1725,71.0,118.0,33.4,169.0,0
1726,91.0,265.0,37.4,69.0,0
1727,75.0,321.0,24.9,131.0,0
1728,88.0,312.0,37.8,142.0,0
1729,84.0,231.0,38.1,117.0,0
1730,98.0,202.0,45.4,71.0,0
1731,78.0,107.0,42.2,115.0,0
1732,77.0,226.0,28.0,68.0,0
1733,80.0,123.0,50.8,17.0,0
1734,77.0,380.0,42.1,199.0,0
1735,88.0,144.0,42.0,25.0,0
1736,64.0,76.0,39.9,14.0,0
1737,69.0,299.0,34.8,176.0,0
1738,69.0,318.0,42.2,60.0,0
1739,90.0,442.0,44.8,130.0,0
1740,97.0,310.0,22.5,66.0,0
1741,79.0,205.0,34.6,78.0,0
1742,78.0,411.0,37.5,52.0,0
1743,81.0,293.0,42.6,69.0,0
1744,92.0,86.0,51.9,82.0,0
1745,71.0,305.0,32.3,144.0,0
1746,82.0,459.0,35.0,102.0,0
1747,90.0,228.0,34.9,189.0,0
1748,85.0,183.0,32.0,8.0,0
1749,82.0,115.0,36.5,101.0,0
1750,90.0,118.0,47.7,117.0,0
1751,60.0,245.0,29.5,184.0,0
1752,87.0,318.0,44.3,10.0,0
1753,73.0,86.0,23.0,115.0,0
1754,62.0,473.0,34.4,171.0,0
1755,85.0,390.0,36.7,48.0,0
1756,94.0,314.0,56.7,175.0,0
1757,79.0,423.0,37.3,4.0,0
1758,90.0,86.0,18.0,146.0,0
1759,96.0,265.0,20.0,187.0,0
1760,93.0,334.0,40.3,131.0,0
1761,96.0,423.0,46.1,88.0,1
1762,87.0,403.0,43.8,9.0,0
1763,81.0,175.0,41.7,184.0,0
1764,64.0,473.0,51.6,94.0,0
1765,78.0,106.0,34.6,6.0,0
1766,72.0,444.0,48.9,138.0,0
1767,100.0,487.0,23.7,96.0,1
1768,78.0,130.0,31.0,25.0,0
1769,81.0,375.0,21.9,43.0,0
1770,86.0,68.0,37.3,13.0,0
1771,80.0,232.0,39.5,115.0,0
1772,97.0,282.0,41.1,124.0,0
1773,74.0,311.0,40.6,101.0,0
1774,82.0,471.0,30.7,163.0,0
1775,73.0,353.0,38.1,172.0,0
1776,67.0,267.0,25.0,123.0,0
1777,74.0,414.0,53.6,3.0,0
1778,80.0,478.0,37.0,139.0,0
1779,76.0,60.0,35.1,84.0,0
1780,73.0,492.0,55.9,113.0,0
1781,66.0,89.0,27.6,130.0,0
1782,79.0,416.0,28.7,70.0,0
1783,65.0,176.0,29.0,183.0,0
1784,88.0,109.0,39.3,27.0,0
1785,81.0,248.0,44.3,134.0,0
1786,65.0,340.0,47.4,1.0,0
1787,77.0,221.0,65.7,185.0,1
1788,72.0,75.0,17.5,23.0,0
1789,83.0,320.0,46.1,19.0,0
1790,93.0,456.0,34.4,67.0,1
1791,61.0,222.0,34.1,75.0,0
1792,81.0,147.0,33.8,43.0,0
1793,78.0,249.0,30.9,117.0,0
1794,87.0,72.0,56.8,89.0,0
1795,82.0,419.0,48.4,7.0,0
1796,72.0,422.0,40.2,64.0,0
1797,77.0,315.0,53.5,162.0,0
1798,72.0,209.0,24.9,138.0,0
1799,91.0,410.0,26.7,145.0,1
1800,80.0,300.0,18.2,140.0,0
1801,99.0,422.0,33.0,62.0,1
1802,79.0,334.0,41.6,20.0,0
1803,73.0,403.0,41.0,54.0,0
1804,65.0,319.0,41.5,166.0,0
1805,62.0,236.0,25.9,196.0,0
1806,64.0,481.0,48.0,99.0,0
1807,83.0,294.0,42.4,2.0,0
1808,85.0,322.0,47.3,28.0,0
1809,64.0,149.0,21.1,64.0,0
1810,89.0,332.0,43.1,116.0,0
1811,75.0,307.0,28.1,15.0,0
1812,81.0,133.0,36.0,189.0,0
1813,96.0,77.0,45.3,73.0,0
1814,89.0,322.0,40.9,183.0,0
1815,77.0,394.0,31.5,156.0,0
1816,71.0,286.0,40.1,151.0,0
1817,60.0,152.0,24.7,121.0,0
1818,73.0,350.0,51.5,125.0,0
1819,78.0,86.0,37.9,128.0,0
1820,70.0,249.0,51.2,126.0,0
1821,79.0,124.0,34.7,111.0,0
1822,81.0,133.0,34.8,197.0,0
1823,78.0,141.0,32.4,146.0,0
1824,73.0,224.0,48.8,155.0,0
1825,82.0,73.0,32.9,174.0,0
1826,84.0,229.0,46.4,43.0,0
1827,69.0,280.0,36.2,17.0,0
1828,94.0,267.0,20.2,97.0,0
1829,79.0,222.0,34.3,103.0,0
1830,80.0,428.0,28.2,166.0,0
1831,87.0,115.0,40.3,89.0,0
1832,82.0,278.0,28.1,114.0,0
1833,90.0,78.0,49.3,105.0,0
1834,83.0,82.0,39.1,8.0,0
1835,74.0,308.0,38.2,123.0,0
1836,84.0,305.0,46.6,166.0,0
1837,69.0,445.0,49.6,32.0,0
1838,81.0,301.0,39.8,119.0,0
1839,80.0,482.0,32.3,119.0,0
1840,78.0,72.0,22.3,33.0,0
1841,79.0,94.0,33.1,25.0,0
1842,61.0,70.0,33.8,196.0,0
1843,75.0,133.0,41.1,79.0,0
1844,81.0,294.0,36.5,45.0,0
1845,82.0,341.0,46.9,34.0,0
1846,70.0,71.0,33.9,134.0,0
1847,93.0,476.0,39.4,122.0,1
1848,71.0,429.0,51.8,129.0,0
1849,90.0,183.0,43.4,18.0,0
1850,84.0,85.0,39.4,179.0,0
1851,74.0,126.0,34.0,78.0,0
1852,98.0,107.0,33.7,63.0,0
1853,68.0,105.0,31.5,92.0,0
1854,89.0,283.0,34.6,78.0,0
1855,90.0,161.0,47.6,173.0,0
1856,73.0,211.0,37.8,186.0,0
1857,94.0,495.0,26.5,61.0,1
1858,77.0,358.0,57.7,173.0,0
1859,83.0,477.0,43.2,156.0,0
1860,83.0,114.0,25.9,186.0,0
1861,79.0,222.0,35.6,49.0,0
1862,88.0,300.0,41.1,115.0,0
1863,88.0,85.0,57.0,55.0,0
1864,63.0,52.0,28.9,165.0,0
1865,93.0,352.0,49.8,1.0,0
1866,63.0,339.0,54.0,113.0,0
1867,90.0,235.0,33.7,68.0,0
1868,91.0,270.0,37.2,65.0,0
1869,69.0,237.0,29.6,129.0,0
1870,76.0,61.0,38.0,170.0,0
1871,69.0,201.0,39.6,122.0,0
1872,78.0,130.0,46.6,171.0,0
1873,77.0,94.0,50.9,53.0,0
1874,88.0,481.0,32.5,104.0,0
1875,93.0,320.0,20.3,90.0,0
1876,94.0,378.0,39.8,2.0,0
1877,74.0,192.0,42.9,111.0,0
1878,78.0,227.0,42.5,132.0,0
1879,63.0,157.0,36.7,118.0,0
1880,72.0,94.0,41.2,147.0,0
1881,90.0,131.0,55.2,114.0,0
1882,96.0,409.0,43.8,13.0,1
1883,68.0,355.0,36.3,23.0,0
1884,74.0,296.0,35.0,119.0,0
1885,80.0,264.0,38.3,55.0,0
1886,83.0,465.0,56.4,16.0,0
1887,72.0,83.0,38.2,86.0,0
1888,84.0,176.0,39.8,111.0,0
1889,75.0,207.0,35.2,66.0,0
1890,80.0,402.0,51.0,144.0,0
1891,85.0,497.0,59.6,129.0,0
1892,80.0,158.0,44.5,67.0,0
1893,76.0,443.0,40.8,151.0,0
1894,79.0,424.0,40.4,130.0,0
1895,79.0,151.0,16.2,127.0,0
1896,76.0,230.0,47.5,111.0,0
1897,77.0,234.0,41.3,2.0,0
1898,96.0,490.0,44.3,139.0,1
1899,86.0,131.0,32.9,75.0,0
1900,77.0,410.0,36.2,189.0,0
1901,87.0,200.0,35.9,164.0,0
1902,77.0,379.0,50.2,118.0,0
1903,92.0,239.0,36.2,50.0,0
1904,84.0,310.0,60.8,41.0,1
1905,79.0,425.0,44.3,68.0,0
1906,84.0,412.0,27.2,95.0,0
1907,64.0,440.0,38.7,59.0,0
1908,69.0,77.0,33.5,103.0,0
1909,68.0,361.0,18.1,33.0,0
1910,81.0,113.0,56.0,196.0,0
1911,97.0,237.0,47.0,22.0,0
1912,100.0,297.0,45.3,186.0,0
1913,86.0,231.0,41.7,183.0,0
1914,85.0,284.0,26.2,105.0,0
1915,62.0,498.0,35.2,145.0,0
1916,75.0,111.0,48.4,87.0,0
1917,72.0,354.0,29.5,126.0,0
1918,74.0,228.0,14.7,68.0,0
1919,78.0,110.0,37.7,60.0,0
1920,75.0,121.0,38.6,116.0,0
1921,60.0,477.0,41.4,100.0,0
1922,87.0,446.0,47.3,116.0,0
1923,69.0,458.0,46.4,57.0,0
1924,82.0,496.0,42.6,73.0,0
1925,100.0,144.0,52.0,17.0,0
1926,71.0,210.0,24.8,10.0,0
1927,60.0,351.0,45.0,51.0,0
1928,77.0,268.0,46.3,15.0,0
1929,91.0,238.0,27.6,21.0,0
1930,100.0,211.0,25.0,163.0,0
1931,68.0,317.0,32.5,8.0,0
1932,85.0,309.0,33.4,132.0,0
1933,75.0,123.0,47.5,55.0,0
1934,79.0,262.0,33.9,174.0,0
1935,100.0,299.0,31.4,97.0,0
1936,65.0,307.0,33.9,61.0,0
1937,83.0,145.0,51.2,104.0,0
1938,85.0,384.0,40.1,76.0,0
1939,91.0,61.0,38.2,113.0,0
1940,81.0,210.0,38.9,23.0,0
1941,83.0,401.0,52.9,199.0,0
1942,76.0,304.0,32.5,85.0,0
1943,83.0,168.0,53.2,70.0,0
1944,77.0,363.0,42.1,142.0,0
1945,86.0,305.0,38.4,73.0,0
1946,76.0,408.0,65.0,167.0,1
1947,84.0,381.0,29.4,91.0,0
1948,80.0,325.0,36.5,144.0,0
1949,91.0,270.0,27.7,21.0,0
1950,79.0,110.0,49.5,169.0,0
1951,62.0,168.0,56.9,147.0,0
1952,93.0,239.0,56.7,42.0,0
1953,71.0,320.0,52.2,29.0,0
1954,73.0,281.0,38.0,63.0,0
1955,74.0,180.0,36.3,195.0,0
1956,94.0,53.0,23.3,51.0,0
1957,60.0,273.0,60.4,91.0,1
1958,100.0,179.0,44.7,6.0,0
1959,91.0,381.0,35.1,79.0,0
1960,82.0,61.0,53.3,114.0,0
1961,79.0,313.0,30.3,191.0,0
1962,83.0,474.0,44.1,103.0,0
1963,85.0,128.0,38.3,164.0,0
1964,86.0,262.0,46.4,109.0,0
1965,86.0,91.0,39.4,8.0,0
1966,81.0,332.0,25.5,63.0,0
1967,78.0,298.0,40.8,115.0,0
1968,78.0,233.0,50.5,190.0,0
1969,78.0,285.0,39.7,172.0,0
1970,91.0,453.0,47.8,46.0,1
1971,86.0,138.0,29.5,44.0,0
1972,60.0,60.0,39.7,40.0,0
1973,87.0,438.0,33.8,184.0,0
1974,82.0,310.0,47.5,171.0,0
1975,80.0,451.0,40.3,155.0,0
1976,76.0,319.0,46.9,79.0,0
1977,91.0,415.0,50.9,101.0,1
1978,89.0,243.0,46.9,93.0,0
1979,72.0,387.0,42.7,51.0,0
1980,84.0,461.0,30.0,101.0,0
1981,70.0,307.0,40.0,6.0,0
1982,66.0,131.0,34.7,26.0,0
1983,74.0,171.0,36.6,177.0,0
1984,89.0,139.0,36.3,150.0,0
1985,90.0,161.0,30.2,85.0,0
1986,85.0,188.0,20.4,103.0,0
1987,87.0,300.0,33.3,74.0,0
1988,85.0,315.0,41.9,148.0,0
1989,74.0,242.0,26.5,157.0,0
1990,84.0,327.0,40.2,153.0,0
1991,88.0,87.0,59.0,145.0,0
1992,88.0,90.0,50.2,41.0,0
1993,92.0,127.0,56.4,68.0,0
1994,87.0,283.0,43.9,94.0,0
1995,84.0,146.0,51.7,66.0,0
1996,91.0,177.0,32.8,151.0,0
1997,80.0,230.0,33.6,66.0,0
1998,71.0,415.0,12.6,28.0,0
1999,78.0,56.0,51.9,80.0,0
2000,73.0,342.0,55.4,196.0,0
